arabe,anglais,translitteration,emotion
اللهم اكفني شر ما أخاف وأحذر.,"O Allah, protect me from the evil of what I fear and dread.",Allahumma ikfini sharr ma akhafu wa ahdhar.,4
حسبي الله لا إله إلا هو عليه توكلت وهو رب العرش العظيم.,"Sufficient for me is Allah; there is no deity except Him. On Him I have relied, and He is the Lord of the Mighty Throne.","Hasbunallāhu lā ilāha illā Huwa, ‘alayhi tawakkaltu wa Huwa rabbul-‘arshil-‘azīm.",4
اللهم أزل خوفي واملأ قلبي بالسكينة.,"O Allah, remove my fear and fill my heart with tranquility.",Allahumma azil khawfi wa amla’ qalbi bil-sakīna.,4
اللهم أنت حسبي ووكيلي.,"O Allah, You are my sufficiency and my guardian.",Allahumma Anta ḥasbī wa wakīlī.,4
اللهم إني أعوذ بك من الخوف إلا منك.,"O Allah, I seek refuge in You from fear except of You.",Allahumma innī a’ūdhu bika min al-khawfi illā minka.,4
اللهم اجعلني أذكرك عند الخوف فتطمئن نفسي.,"O Allah, make me remember You in fear so my soul becomes tranquil.",Allahumma ajilnī adhkuruka ‘inda al-khawfi fatatma’innu nafsī.,4
سبحان الله العظيم.,"Glory be to Allah, the Most Great.",Subḥān Allāh al-‘Azīm.,5
ما شاء الله لا قوة إلا بالله.,"Whatever Allah wills, there is no power except through Allah.","Mā shā’ Allāh, lā quwwata illā Billāh.",5
اللهم اجعلني أُحسن الظن بما يصيبني.,"O Allah, make me think well of what befalls me.",Allahumma ajilnī uḥsin al-ẓann bimā yuṣībunī.,5
اللهم اجعل مفاجآتي سببًا لرضاك عني.,"O Allah, make my surprise a cause for Your pleasure with me.",Allahumma ajil mufājātī sababān li riḍāka ‘annī.,5
اللهم إني أعوذ بك من الهم والحزن,"O Allah, I seek refuge in you from grief and sadness","Allaahumma ‘innee ‘a’oothu bika minal-hammi walhazani,",0
حَسْبُنَا اللَّهُ وَنِعْمَ الْوَكِيلُ.,"Sufficient for us is Allah, and He is the best disposer of affairs",Hasbiya Allah wa ni’mal-Wakil,0
إِنَّ مَعَ الْعُسْرِ يُسْرًا,"Indeed, with hardship comes ease.",Inna ma’a al-‘usri yusra.,0
اللهم رحمتك أرجو، فلا تكلني إلى نفسي طرفة عين,"O Allah, I hope for Your mercy, do not leave me to myself for even a blink of an eye.","Allahumma raḥmataka arjū, falā takilnī ilā nafsī ṭarfata ‘ayn.",0
اللهم يا مؤنس كل وحيد، أنس وحدتي,"O Allah, Companion of the lonely, accompany me in my solitude.","Allahumma yā mu’nis kulli wāḥid, ansi waḥdatī.",0
اللهم اجعل لي فرجًا ومخرجًا من كل ضيق,"O Allah, grant me relief and a way out of every distress.",Allahumma ajil lī farajan wa makhrajān min kulli ḍīq.,0
رَبِّ إِنِّي مَغْلُوبٌ فَانتَصِرْ,"My Lord, I am overpowered, so help me.",Rabbī innī maghlūbun fa-ntasir.,0
وَأَفَوِّضُ أَمْرِي إِلَى اللَّهِ,I entrust my affair to Allah.,Wa afawwadu amrī ilā Allāh.,0
اللهم اجعل القرآن ربيع قلبي,"O Allah, make the Qur’an the spring of my heart.",Allahumma ajil al-Qur’āna rabī’a qalbī.,0
اللهم اكفني بحلالك عن حرامك,"O Allah, suffice me with Your permissible (provisions) over what is forbidden.",Allahumma ikfini bi-ḥalālika ‘an ḥarāmika.,0
اللهم زدنا إيمانًا ويقينًا,"O Allah, increase us in faith and conviction",Allahumma zidnā īmānan wa yaqīnan.,0
اللهم صبّرني ورضّني بقضائك,"O Allah, grant me patience and contentment with Your decree.",Allahumma ṣabbirnī wa raḍḍīnī bi-qaḍā’ika.,0
رَبِّ إِنِّي أَعُوذُ بِكَ مِنْ هَمَزَاتِ الشَّيَاطِينِ,"My Lord, I seek refuge in You from the whispers of the devils.",Rabbī innī a’ūdhu bika min hamazāti ash-shayāṭīn.,0
اللهم أزل همي وغمّي,"O Allah, remove my sorrow and grief",Allahumma azil hammi wa ghammi.,0
اللهم اجعلني من عبادك الصالحين,"O Allah, make me among Your righteous servants.",Allahumma ajilnī min ‘ibādika as-ṣāliḥīn.,0
اللهم ارزقني الرضا بالقضاء,"O Allah, grant me contentment with Your decree.",Allahumma rizuqnī ar-riḍā bi-l-qaḍā’.,0
اللهم اجعلني ممن يستمع القول فيتبع أحسنه,"O Allah, make me among those who listen to good words and follow the best of them.",Allahumma ajilnī mimman yastami’u al-qawla fa-yattabi’u aḥsanah.,0
اللهم اجعلني من المتوكلين عليك,"O Allah, make me among those who rely upon You.",Allahumma ajilnī min al-mutawakkilīn ‘alayk.,0
اللهم اجعل كل عسر يمرني خيرًا لي,"O Allah, make every hardship I go through a means of goodness for me.",Allahumma ajil kulla ‘usrin yamurnī khayran lī.,0
 اَحَسِبَ النَّاسُ اَنْ يُّتْرَكُوْٓا اَنْ يَّقُوْلُوْٓا اٰمَنَّا وَهُمْ لَا يُفْتَنُوْنَ [ العنكبوت: 2 ],Do people think they will be left alone after saying ‘We believe’ without being put to the test?” (Surah Al ‘Ankabut 29:2).,,0
﴿يَا أَيُّهَا الَّذِينَ آمَنُوا اسْتَعِينُوا بِالصَّبْرِ وَالصَّلَاةِ ۚ إِنَّ اللَّهَ مَعَ الصَّابِرِينَ﴾ [ البقرة: 153 ],"“O you who have believed, seek help through patience and prayer. Indeed, Allah is with the patient.” (Al Baqarah, Ayah 153).",,0
لَا حَوْلَ وَلَا قُوَّةَ إِلَّا بِاللَّهِ,There is no might and no power except with Allah.,La hawla wa la quwwata illa billah,0
اللّهُـمَّ إِنِّي عَبْـدُكَ ابْنُ عَبْـدِكَ ابْنُ أَمَتِـكَ نَاصِيَتِي بِيَـدِكَ، مَاضٍ فِيَّ حُكْمُكَ، عَدْلٌ فِيَّ قَضَاؤكَ أَسْأَلُـكَ بِكُلِّ اسْمٍ هُوَ لَكَ سَمَّـيْتَ بِهِ نَفْسَكَ أِوْ أَنْزَلْتَـهُ فِي كِتَابِكَ، أَوْ عَلَّمْـتَهُ أَحَداً مِنْ خَلْقِـكَ أَوِ اسْتَـأْثَرْتَ بِهِ فِي عِلْمِ الغَيْـبِ عِنْـدَكَ أَنْ تَجْـعَلَ القُرْآنَ رَبِيـعَ قَلْبِـي، وَنورَ صَـدْرِي وجَلَاءَ حُـزْنِي وذَهَابَ هَمِّـي,"‘O Allah, I am Your slave and the son of Your male slave and the son of your female slave. My forehead is in Your Hand (i.e. you have control over me). Your Judgment upon me is assured, and Your Decree concerning me is just. I ask You by every Name that You have named Yourself with, revealed in Your Book, taught any one of Your creation or kept unto Yourself in the knowledge of the unseen that is with You, to make the Qur’an the spring of my heart, and the light of my chest, the banisher of my sadness and the reliever of my distress.’","Allaahumma ‘inny ‛abduk-ibnu-‛abdik-ibnu-amatik, naaṣiyatee biyadik, maaḍin fiyya ḥukmuk, ‛adlun fiyya qaḍaa’uk, as’aluka bi kull-ismin huwa lak, sammayta bihi nafsak, aw anzaltahu fee kitaabik, aw ‛allamtahu aḥadan min khalqik, awis-ta’tharta bihi fee ‛ilmil-ghaybi ‛indak, an taj‛al-al-quraana rabee‛a qalbee, wa noora ṣadree, wa jalaa’a ḥuznee, wa dhahaa-ba hammee",0
اللَّهُمَّ رَحْمَتَكَ أَرْجُو فَلَا تَكِلْنِي إِلَى نَفْسِي طَرْفَةَ عَيْنٍ وَأَصْلِحْ لِي شَأْنِي كُلَّهُ لَا إِلَهَ إِلَا أَنْتَ,"‘O Allah, it is Your mercy that I hope for, so do not leave me in charge of my affairs even for a blink of an eye, and rectify for me all of my affairs. None has the right to be worshipped except You.’","Allahumma raḥmataka arju fala takilni ila nafsi ṭarfata `ayn, wa aslih li sha’ni kullahu, la illaha illa ant.",0
يَا حَيُّ يَا قَيُّوْمُ بِرَحْمَتِكَ أَسْتَغِيْث,"‘O Ever-Living, O Sustainer, in Your Mercy I seek relief.’",Ya Hayyu Ya Qayyoom birahmatika astagheeth,0
اللّهُـمَّ لا سَـهْلَ إِلاّ ما جَعَلـتَهُ سَهـلاً، وَأَنْتَ تَجْـعَلُ الحَزْنَ إِذا شِـئْتَ سَهـْلاً,"‘O Allah, there is no ease except in that which You have made easy, and You make the difficulty, if You wish, easy.’","Allahumma la sahla illa ma ja ‘altahu sahla, wa anta taj ‘alul hazna ith-a shi’ ta’ sahlan ",0
حسبى الله لا إله إلا هو عليه توكلت وهو رب العرش العظيم,"‘Allah is sufficient for me. There is no God except Him. I place my trust in Him, and He is the Rabb of the great throne.’",Hasbiya Allahu la ilaha illa huwa ‘aalayhi tawakkaltu wahuwa rabbu al’aarshi al’atheem.,0
اللهُ اللهُ رَبِّ لا أُشْرِكُ بِهِ شَيْئاً,"‘Allah, Allah is my Lord; I do not associate anything with Him.’",,0
إِنَّا للهِ وَإِنَّا إِلَيْهِ رَاجِعُوْنَ، اللَّهمَّ أْجُرْنِي فِي مُصِيْبَتِي، وَاخْلُفْ لِي خَيْرا ً مِنْهَا,"‘To Allah, we belong, and unto Him is our return. O Allah, recompense me for my affliction and replace it for me with something better.’","Inna lillahi wa inna ilayhi raji’un. Allahumma-u’jurni fi musibati, wa akhlif li khairan minha.",0
لَآ إِلٰهَ إِلَّآ أَنْتَ سُبْحَانَكَ إِنِّيْ كُنْتُ مِنَ الظَّالِمِيْنَ," Dua of Prophet Yunus (A.S.): ‘None has the right to be worshipped except You. How perfect You are. Verily, I was among the wrong-doers.’ – (Al Anbiya, 87) Of this dua, Prophet Muhammad is reported to have said: “No Muslim supplicates with it for anything, ever, except Allah responds to him.”--Tirmidhi",La illaha illa anta subhanak ‘inny kuntu min aldhaalimeen,0
رَبِّ إِنِّي لِمَا أَنزَلْتَ إِلَيَّ مِنْ خَيْرٍ فَقِيرٌ,"Dua of Prophet Musa (A.S.): ‘My Lord! I am truly in desperate need of whatever good You may have in store for me.’ – (Al Qasas, 24)",rabi ‘inny lima ‘anzalt ‘iilaya min khayr faqir,0
أَنِّي مَسَّنِيَ الضُّرُّ وَأَنتَ أَرْحَمُ الرَّاحِمِينَ,"Dua of Prophet Ayub (A.S.): ‘Indeed, distress has befallen me, and You are the Most Merciful of the merciful.’ – (Al Anbiya, 83)","annee massaniya alddurru waanta arhamu alrrahimeen
",0
سُبْحَانَ اللهِ و اللهُ أَكْبرُ,Glory is to Allah wa Allah is the Most Great.,Subhaanallaah Allaahu 'Akbar,1
اَللّٰهُمَّ إِنِّي أَعُوذُ بِكَ مِنْ زَوَالِ نِعْمَتِكَ، وَتَحَوُّلِ عَافِيَتِكَ، وَفُجَاءَةِ نِقْمَتِكَ، وَجَمِيعِ سَخَط,"O Allah! I seek refuge in You from the decline of Your blessings, the passing of safety, the sudden onset of Your punishment and from all that displeases you.","Allahumma inni a’udhu bika min zawali ni’matika, wa tahawwuli ‘afiyatika, wa fuja’ati niqmatika, wa jami’i sakhatika",1
"-اَللّٰهُمَّ يَا- فَاطِرَ السَّمٰوَاتِ وَالْأَرْضِ ، أَنْتَ وَلِـيِّيْ فِي الدُّنْيَا وَالْآخِرَةِ ، تَوَفَّنِيْ مُسْلِمًا وَّأَلْحِقْنِيْ بِالصَّالِحِيْنَ
","(O Allah), Originator of the heavens and the earth, You are my Protector in this world and in the Hereafter. Make me die a Muslim and join me with the righteous. (12:101)","(Allāhumma yā) Fāṭira-s-samāwāti wa-l-arḍi Anta waliy-yi fi-d-dunyā wal-ākhirah, tawaffanī Muslimaw-wa alḥiqnī bi-ṣ-ṣāliḥīn.",1
اَلْحَمْدُ لِلّٰهِ الَّذِيْ بِنِعْمَتِهِ تَتِمُّ الصَّالِحَاتُ,All praise is for Allah through whose blessing righteous actions are accomplished.,Al-ḥamdu li-llāh-ladhī bi-niʿmatihī tattimmu-ṣ-ṣāliḥāt.,1
اللهم اجعلني شاكراً لنعمك,"O Allah, make me grateful for Your blessings.",Allahumma aj’alni shaakiran li-ni’amika,1
اللهم لك الحمد كما ينبغي لجلال وجهك وعظيم سلطانك,"O Allah, to You belongs all praise as befits the majesty of Your face and the greatness of Your authority.",Allahumma laka-l-ḥamd kamā yanbaghī li-jalāli wajhika wa-ʿaẓīmi sulṭānika,1
الحمد لله على كل حال,Praise be to Allah in all circumstances.,Alḥamdu lillāhi ʿalā kulli ḥāl,1
اللهم اجعلني من عبادك الشاكرين,"O Allah, make me among Your grateful servants.",Allahumma aj’alni min ‘ibaadika-sh-shaakireen,1
سبحان الله وبحمده سبحان الله العظيم,Glory be to Allah and all praise is due to Him; glory be to Allah the Most Great.,Subhaanallaahi wa biḥamdihi Subhaanallaahil-‘Aẓeem,1
اللهم أدم عليّ نعمة الفرح,"O Allah, perpetuate the blessing of joy upon me.",Allahumma adim ‘alayya ni’mata-l-farah,1
اللهم إني أشكرك على نعمك الكثيرة,"O Allah, I thank You for Your abundant blessings",Allahumma inni ashkuruka ‘ala ni’amika-l-katheera,1
الحمد لله على نعمة الإسلام,Praise be to Allah for the blessing of Islam.,Alḥamdu lillāhi ‘ala ni’mati-l-Islam,1
اللهم بارك لي في ما أعطيتني,"O Allah, bless what You have given me.",Allahumma baarik li fī mā a’ṭaytani,1
ربنا آتنا في الدنيا حسنة وفي الآخرة حسنة,"Our Lord, give us good in this world and good in the Hereafter.",Rabbanaa aatina fi-d-dunyaa ḥasana wa fi-l-aakhirati ḥasana,1
اللهم اجعلني مباركًا أينما كنت,"O Allah, make me blessed wherever I am.",Allahumma aj’alni mubaarakan aynamā kunt,1
اللهم لك الحمد ملء السماوات والأرض.,"O Allah, to You belongs all praise filling the heavens and the earth.",Allahumma laka-l-ḥamd mil’a-s-samāwāti wa-l-arḍ,1
اللهم زدني من فضلك وكرمك,"O Allah, increase me in Your bounty and generosity.",Allahumma zidni min faḍlika wa karamika,1
الحمد لله الذي أعطاني أكثر مما أستحق,Praise be to Allah who gave me more than I deserve.,Alḥamdu lillāhi lladhī a’ṭānī akthara mimmā astahiqu,1
اللهم اجعلني من الشاكرين لكل لحظة سعادة,"O Allah, make me among those who are grateful for every moment of happiness.",Allahumma aj’alni min-a-shaakireen li-kulli laḥẓati sa’āda,1
اللهم اخرجني من الظلمات إلى النور,Oh Allah take me out of darkness and into the light.,Allahumma Akhrijnee min adhulumaati ilaa annur.,4
لَا حَوْلَ وَلَا قُوَّةَ إِلَّا بِالله,There is no power or strength except with Allah. [Hadith | Ibn Majah],La hawla wa la quwwata illa billah.,4
يَا حَيُّ يَا قَيُّوْمُ بِرَحْمَتِكَ أَسْتَغِيْث,"O Ever-Living, O Self-Subsisting Sustainer of all, I seek help through Your mercy","Yaa Hayyu yaa Qayyum, bi-rahmatika astaghith.",4
رَبَّنَا ظَلَمْنَا أَنفُسَنَا وَإنْ لَمْ تَغْفِرْلَنَا وَتَرْحَمْنَا لَنَكُونَنَّ مِنَ الخَاسِرِينَ,"Our Lord! We have wronged ourselves. If You do not forgive us and have mercy on us, we will certainly be lost. [Qur’an | Surah Al-A’raf | 7:23",Rabbana zalamna anfusana wa-in lam taghfir lana wa-tarhamna la-nakunanna minal-khasirin,4
ٱلَّذِينَ يَقُولُونَ رَبَّنَآ إِنَّنَآ ءَامَنَّافَٱغْفِرْ لَنَا ذُنُوبَنَا وَقِنَا عَذَابَ ٱلنَّارِ,"Our Lord! surely we believe, therefore forgive us our faults and save us from the chastisement of the fire, [Qur’an | Surah Al-Imran | 3:16]",,4
"اللَّهُمَّ اغْفِرْ لِي مَا قَدَّمْتُ وَمَا أَخَّرْتُ، وَمَا أَسْرَرْتُ وَمَا أَعْلَنْتُ وَمَا أَنْتَ أَعْلَمُ بِهِ مِنِّي، أَنْتَ المُقَدِّمُ وَأَنْتَ المُؤَخِّرُ وَأَنْتَ عَلَى كُلِّ شَيْءٍ قَدِير
"," O Allah! Forgive me for those sins which I committed in the past and that which I may commit in the future, the sins that I have committed in privacy or in public and all the sins of which You are better aware of it than I am of myself. You are The One who bring forward and reprieve as You wish and indeed You are over all things capable. [Sahih Muslim]","Allahumma-ghfir lii maa qaddamtu wa maa akh-khortu wa maa asrortu wa maa a’lantu wa maa anta a’lamu bihi minnii, anta Al-Muqaddimu wa anta Al-Muakh-khiru wa anta alaa kulli shai-in qadir.",4
رَبَّنَا فَاغْفِرْ لَنَا ذُنُوبَنَا وَكَفِّرْ عَنَّا سَيِّئَاتِنَا وَتَوَفَّنَا مَعَ الأَبْرَارِ,"Our Lord! Forgive our sins, remove from us our misdeeds, and grant that we join the righteous when we die. [Qur’an | Surah Al-Imran | 3:193]",Rabbana fa-ghfir lana zunuubana wa-kaffir anna sayyi-aatina wa-tafawwafaa maal-abrar,4
اللهمّ فارج الهم، كاشف الغم، مذهب الحزن، اكشف اللهمّ عنّي همّي وغمّي ، وأذهب عنّي حزني,"Oh Allah, Reliever of anxiety, Remover of distress, Dispeller of grief! Remove my anxiety, distress, and dispel from me my sadness.","Allahumma Faarij alhamm, kaashif alGamm, muzhib alhuzn, ikshif Allahumma 3annee hammee wa Gammee, wa azhib 3annee huznee.",4
اللهم امنحني القوة لأقاوم نفسي، والشجاعة لأواجه ضعفي، واليقين لأتقبل قدري، والرضا ليرتاح عقلي، والفهم ليطمئن قلبي,"Oh Allah! Grant me the strength to oppose myself, the courage to face my weakness, the conviction to accept my faith, the satisfaction of to relax my mind, and the understanding to reassure my heart.","Allahumma imnaHnee alQuwwah li aQwaami nafseee, wa ash-Shujaa3ah li uwaajih da3fee, wa alYaqeeni li ataQabbal qadree, wa ar-riDaa li yartaah 3aQalee, wa alfahm li yaTmainna Qalbee.",4
يارب امسح على صدري برحمتك,"Oh Lord, wipe my chest clean with your mercy.","Ya Rabb, Imsah Sadree biraHmatik.",1
"اللَّهُ لَا إِلَٰهَ إِلَّا هُوَ الْحَيُّ الْقَيُّومُ ۚ لَا تَأْخُذُهُ سِنَةٌ وَلَا نَوْمٌ ۚ لَهُ مَا فِي السَّمَاوَاتِ وَمَا فِي الْأَرْضِ ۗ مَنْ ذَا الَّذِي يَشْفَعُ عِنْدَهُ إِلَّا بِإِذْنِهِ ۚ يَعْلَمُ مَا بَيْنَ أَيْدِيهِمْ وَمَا خَلْفَهُمْ ۖ وَلَا يُحِيطُونَ بِشَيْءٍ مِنْ عِلْمِهِ إِلَّا بِمَا شَاءَ ۚ وَسِعَ كُرْسِيُّهُ السَّمَاوَاتِ وَالْأَرْضَ ۖ وَلَا يَئُودُهُ حِفْظُهُمَا ۚ وَهُوَ الْعَلِيُّ الْعَظِيم
","Allah – there is no deity except Him, the Ever-Living, the Sustainer of existence.
Neither drowsiness overtakes Him nor sleep. To Him belongs whatever is in the heavens and whatever is on the earth. Who is it that can intercede with Him except by His permission? He knows what is [presently] before them and what will be after them, And they encompass not a thing of His knowledge except for what He wills. His Kursi extends over the heavens and the earth, And their preservation tires Him not. And He is the Most High, the Most Great. [ayat kurssi --Surat El baqarah]",Allāhu lā ilāha illā huwa-l-ḥayyu-l-qayyūm Lā ta’khudhuhu sinatun wa lā nawm Lahu mā fī-s-samāwāti wa mā fī-l-arḍ Man dhā-l-ladhī yashfa’u ‘indahu illā bi-idhnih Ya’lamu mā bayna aydīhim wa mā khalfahum Wa lā yuḥīṭūna bi shay’in min ‘ilmihi illā bimā shā’a Wasi’a kursiyyuhu-s-samāwāti wa-l-arḍ Wa lā ya’ūduhu ḥifẓuhumā wa huwa l-‘aliyyu-l-‘aẓīm,1
بِسْمِ اللَّهِ الرَّحْمَٰنِ الرَّحِيمِ قُلْ هُوَ اللَّهُ أَحَدٌ اللَّهُ الصَّمَدُ لَمْ يَلِدْ وَلَمْ يُولَدْ وَلَمْ يَكُن لَّهُ كُفُوًا أَحَدٌ ,"In the name of Allah, the Most Gracious, the Most Merciful. Say, ""He is Allah, [who is] One, Allah, the Eternal Refuge. He neither begets nor is born, Nor is there to Him any equivalent. [ Surat Al-Eikhlass ]",Bismillāhi-r-raḥmāni-r-raḥīm Qul huwa Allāhu 'aḥad Allāhu ṣ-ṣamad Lam yalid wa lam yūlad Wa lam yakun lahu kufuwan 'aḥad,1
بِسْمِ اللَّهِ الرَّحْمَٰنِ الرَّحِيمِ قُلْ أَعُوذُ بِرَبِّ الْفَلَقِ مِن شَرِّ مَا خَلَقَ وَمِن شَرِّ غَاسِقٍ إِذَا وَقَبَ وَمِن شَرِّ النَّفَّاثَاتِ فِي الْعُقَدِ وَمِن شَرِّ حَاسِدٍ إِذَا حَسَدَ,"In the name of Allah, the Most Gracious, the Most Merciful. Say, ""I seek refuge in the Lord of daybreak, From the evil of that which He created, And from the evil of darkness when it settles, And from the evil of the blowers in knots, And from the evil of an envier when he envies. [ Surat El-Falaq ] ",Bismillāhi-r-raḥmāni-r-raḥīm Qul a‘ūdhu bi-Rabbi-l-falaq Min sharri mā khalaq Wa min sharri ghāsiqin idhā waqab Wa min sharri-n-naffāthāti fī-l-‘uqad Wa min sharri ḥāsidin idhā ḥasad,1
بِسْمِ اللَّهِ الرَّحْمَٰنِ الرَّحِيمِ قُلْ أَعُوذُ بِرَبِّ النَّاسِ مَلِكِ النَّاسِ إِلَٰهِ النَّاسِ مِن شَرِّ الْوَسْوَاسِ الْخَنَّاسِ الَّذِي يُوَسْوِسُ فِي صُدُورِ النَّاسِ مِنَ الْجِنَّةِ وَالنَّاسِ,"In the name of Allah, the Most Gracious, the Most Merciful. Say, ""I seek refuge in the Lord of mankind, The Sovereign of mankind, The God of mankind, From the evil of the retreating whisperer – Who whispers [evil] into the breasts of mankind – From among jinn and mankind. [ Surat An-nass ]",Bismillāhi-r-raḥmāni-r-raḥīm Qul a‘ūdhu bi-Rabbi-n-nās Maliki-n-nās Ilāhi-n-nās Min sharri-l-waswāsi-l-khannās Alladhī yuwaswisu fī ṣudūri-n-nās Mina-l-jinnati wa-n-nās,1
أعوذ بالله من الشيطان الرجيم,I seek refuge in Allah from the accursed devil.,A‘ūdhu billāhi mina-sh-shayṭāni-r-rajīm,3
اللهم إني أسألك الحلم عند الغضب,"O Allah, I ask You for forbearance during anger.",Allāhumma innī as’aluka-l-ḥilma ‘inda-l-ghaḍab,3
اللهم اجعلني من الكاظمين الغيظ والعافين عن الناس,"O Allah, make me among those who suppress anger and pardon others.",Allāhumma aj‘alnī mina-l-kāẓimīna-l-ghayẓa wa-l-‘āfīna ‘ani-n-nās,3
اللهم ارزقني الصبر عند الغضب,Allāhumma urzuqnī-ṣ-ṣabra ‘inda-l-ghaḍab,Allāhumma urzuqnī-ṣ-ṣabra ‘inda-l-ghaḍab,3
اللهم اجعلني هادئًا في كل حالاتي,"O Allah, make me calm in all my states.",Allāhumma aj‘alnī hādi’an fī kulli ḥālātī,3
اللهم اطفئ نار غضبي,"O Allah, extinguish the fire of my anger.",Allāhumma aṭfi’ nāra ghaḍabī,3
اللهم اغفر لي إذا غضبت,"O Allah, forgive me when I am angry",Allāhumma-ighfir lī idhā ghaḍibtu ,3
اللهم اجعلني أتفكر قبل أن أتكلم عند الغضب,"O Allah, make me reflect before I speak when angry.",Allāhumma aj‘alnī atafakkaru qabla an atakallama ‘inda-l-ghaḍab,3
اللهم اجعلني أحسن الظن بالناس,"O Allah, make me think well of others.",Allāhumma aj‘alnī uḥsinu-ẓ-ẓanna bi-n-nās,3
اللهم أزل عني الضيق والغضب,"O Allah, remove distress and anger from me.",Allāhumma azil ‘annī aḍ-ḍīqa wa-l-ghaḍab,3
اللهم ارزقني الرحمة بدل الغضب,"O Allah, grant me mercy instead of anger.",Allāhumma urzuqnī ar-raḥmata badala-l-ghaḍab,3
اللهم اجعلني أتذكر ثواب الحلم عند الغضب,"O Allah, make me remember the reward of patience when angry.",Allāhumma aj‘alnī atadhakkaru thawāba-l-ḥilmi ‘inda-l-ghaḍab,3
اللهم اجعلني من عبادك الذين لا يغضبون إلا لك,"O Allah, make me among Your servants who do not get angry except for Your sake.",Allāhumma aj‘alnī min ‘ibādika alladhīna lā yaghḍabūna illā laka,3
اللهم اجعلني ممن إذا غضب ذكر الله فسكَن,"O Allah, make me among those who, when angry, remember You and find calm.",Allāhumma aj‘alnī mimman idhā ghaḍiba dhakara Allāha fa-sakana.,3
اللهم اهدني إلى طريق الرضا بدل الغضب,"O Allah, guide me to the path of contentment instead of anger.",Allāhumma ihdinī ilā ṭarīqi-r-riḍā badala-l-ghaḍab.,3
اللهم اجعل كلماتي نورًا لا نارًا,"O Allah, make my words a light, not a fire.",Allāhumma aj‘al kalimātī nūran lā nāran,3
اللهم اجعل غضبي رحمة لا نقمة,"O Allah, make my anger a source of mercy, not harm.",Allāhumma aj‘al ghaḍabī raḥmatan lā niqmah,3
فَسَيَكْفِيكَهُمُ اللَّهُ ۚ وَهُوَ السَّمِيعُ الْعَلِيمُ,"Allah will suffice you against them, and He is the All-Hearing, the All-Knowing. (Surah Al-Baqarah 2:137)",Fasayakfīkahumu-llāhu wa huwa-s-samī‘u-l-‘alīm.,4
إِنَّمَا ذَٰلِكُمُ الشَّيْطَانُ يُخَوِّفُ أَوْلِيَاءَهُ فَلَا تَخَافُوهُمْ وَخَافُونِ إِن كُنتُم مُّؤْمِنِينَ,"It is only Satan who frightens [you] of his supporters. So fear them not, but fear Me, if you are [indeed] believers. (Surah Aal-E-Imran 3:175)",Innamā dhālikumu-sh-shayṭānu yukhawwifu awliyā’ahu fa-lā takhāfūhum wa-khāfūnī in kuntum mu’minīn.,4
لَا تَحْزَنْ إِنَّ اللَّهَ مَعَنَا,Do not grieve; indeed Allah is with us. (Surah At-Tawbah 9:40),Lā taḥzan inna-llāha ma‘anā.,4
رَبِّ اشْرَحْ لِي صَدْرِي وَيَسِّرْ لِي أَمْرِي وَاحْلُلْ عُقْدَةً مِنْ لِسَانِي يَفْقَهُوا قَوْلِي,"My Lord, expand for me my chest, ease for me my task, and untie the knot from my tongue that they may understand my speech (Surah Ta-Ha 20:25-28)",Rabbi ashrah lī ṣadrī wa yassir lī amrī waḥlul ‘uqdatan min lisānī yafqahū qawlī,4
فَدَعَا رَبَّهُ أَنْي مَغْلُوبٌ فَانْتَصِرْ,"So he called upon his Lord, 'I am overwhelmed, so grant me victory. (Surah Al-Qamar 54:10)",Fa da'ā rabbahu annī maghlūbun fantasir.,4
مَنْ كَانَ يُؤْمِنُ بِاللَّهِ وَالْيَوْمِ الْآخِرِ فَلْيَقُلْ خَيْرًا أَوْ لِيَصْمُتْ,Whoever believes in Allah and the Last Day should speak good or remain silent.( Sahih al-Bukhari ),Man kāna yu’minu billāhi wal-yawmi al-ākhiri falyaqul khayran aw liyasmut.,3
لَا تَغْضَبْ وَلَكَ الْجَنَّةُ,"Do not become angry, and paradise is yours. ( Sahih Muslim )",Lā taghdab walaka al-jannah.,3
وَعِبَادُ الرَّحْمَٰنِ الَّذِينَ يَمْشُونَ عَلَى الْأَرْضِ هَوْنًا وَإِذَا خَاطَبَهُمُ الْجَاهِلُونَ قَالُوا سَلاَمًا,"nd the servants of the Most Merciful are those who walk upon the earth easily, and when the ignorant address them [harshly], they say [words of] peace. ( Surah Al-Furqan 25:63 )",Wa 'ibādu ar-rahmāni alladhīna yamshūna 'alā al-arḍi hawnan wa idhā khāṭabahumu al-jāhilūna qālū salāmā.,3
اَللّٰهُمَّ عَالِمَ الْغَيْبِ وَالشَّهَادَةِ ، فَاطِرَ السَّمٰوَاتِ وَالْأَرْضِ ، رَبَّ كُلِّ شَيْءٍ وَمَلِيْكَهُ ، أَشْهَدُ أَنْ لَّا إِلٰهَ إِلَّا أَنْتَ ، أَعُوْذُ بِكَ مِنْ شَرِّ نَفْسِيْ، وَمِنْ شَرِّ الشَّيْطَانِ وَشِرْكِهِ ، وَأَنْ أَقْتَرِفَ عَلَىٰ نَفْسِيْ سُوْءًا ، أَوْ أَجُرَّهُ إِلَىٰ مُسْلِمٍ.,"O Allah, Knower of the unseen and the seen, Creator of the heavens and the earth, the Lord and Sovereign of everything; I bear witness that there is no god worthy of worship but You. I seek Your protection from the evil of my own self, from the evil of Shayṭān and from the evil of polytheism to which he calls,and from inflicting evil on myself, or bringing it upon a Muslim.","Allāhumma ʿālima-l-ghaybi wa-sh-shahādah, fāṭir-as-samāwāti wa-l-arḍi, rabba kulli shay’iw-wa malīkah, ash-hadu al-lā ilāha illā Anta, aʿūdhu bika min sharri nafsī wa min sharri-sh-shayṭāni wa shirkihī wa an aqtarifa ʿalā nafsī sū’an aw ajurrahū ilā muslim.",4
اَللّٰهُمَّ مَا أَمْسَىٰ بِيْ مِنْ نِّعْمَةٍ أَوْ بِأَحَدٍ مِّنْ خَلْقِكَ ، فَمِنْكَ وَحْدَكَ لَا شَرِيْكَ لَكَ ، فَلَكَ الْحَمْدُ وَلَكَ الشُّكْرُ,"O Allah, all the favours that I or anyone from Your creation has received in the evening, are from You Alone. You have no partner. To You Alone belong all praise and all thanks.","Allāhumma mā amsā bī min niʿmatin aw bi-aḥadin min khalqik, fa-minka waḥdaka lā sharīka lak, fa laka-l-ḥamdu wa laka-sh-shukr.",3
"اَللّٰهُمَّ إِنِّيْ أَمْسَيْتُ أُشْهِدُكَ وَأُشْهِدُ حَمَلَةَ عَرْشِكَ وَمَلَائِكَتَكَ وَجَمِيْعَ خَلْقِكَ ، أَنَّكَ أَنْتَ اللّٰهُ لَا إِلٰهَ إِلَّا أَنْتَ وَحْدَكَ لَا شَرِيْكَ لَكَ ، وَأَنَّ مُحَمَّدًا عَبْدُكَ وَرَسُوْلُكَ.
","O Allah, I have entered the evening, and I call upon You, the bearers of Your Throne, Your angels and all creation, to bear witness that surely You are Allah. There is no god worthy of worship except You Alone. You have no partners, and that Muḥammad ﷺ is Your slave and Your Messenger.","Allāhumma innī amsaytu ush-hiduka, wa ush-hidu ḥamlata ʿarshika, wa malā’ikatika, wa jamī’a khalqika, annaka Anta-llāhu lā ilāha illā Anta waḥdak, lā sharīka lak, wa an-na Muḥammadan ʿabduka wa rasūluk.",4
اللَّهُمَّ إِنِّي أَسْأَلُكَ حُبَّكَ، وَحُبَّ مَنْ يُحِبُّكَ، وَالْعَمَلَ الَّذِي يُبَلِّغُنِي حُبَّكَ. اللَّهُمَّ اجْعَلْ حُبَّكَ أَحَبَّ إِلَيَّ مِنْ نَفْسِي وَأَهْلِي وَمِنَ الْمَاءِ الْبَارِدِ.,"O Allah, I ask You for Your love, the love of those who love You, and the actions that will lead me to Your love. O Allah, make Your love dearer to me than myself, my family, and even cool water.","Allahumma inni as’aluka hubbaka, wa hubba man yuhibbuka, wal-‘amala alladhi yuballighuni hubbaka. Allahumma aj‘al hubbaka ahabba ilayya min nafsi wa ahli wa mina al-ma’ al-barid.

",2
الْحَمْدُ لِلَّهِ الَّذِي جَمَعَ بَيْنَ قُلُوبِنَا بِحُبِّهِ وَطَاعَتِهِ.,"All praise is due to Allah, who has united our hearts through His love and obedience.",Alhamdulillahi alladhi jama‘a bayna qulubina bihubbihi wa ta‘atihi.,2
رَبَّنَا هَبْ لَنَا مِنْ أَزْوَاجِنَا وَذُرِّيَّاتِنَا قُرَّةَ أَعْيُنٍ وَاجْعَلْنَا لِلْمُتَّقِينَ إِمَامًا,"Our Lord, grant us from among our spouses and offspring comfort to our eyes and make us leaders for the righteous. (Sourate Al-Furqan 25:74)","Rabbana hablana min azwajina wa dhurriyyatina qurrata a‘yunin waj‘alna lil-muttaqina imama.

",2
اللَّهُمَّ اجْمَعْ بَيْنِي وَبَيْنَ مَنْ أُحِبُّ فِي الدُّنْيَا وَفِي جَنَّاتِكَ الْخَالِدَةِ.,"O Allah, unite me with those I love in this world and in Your eternal gardens.",Allahumma ajma‘ bayni wa bayna man uhibbu fi al-dunya wa fi jannatika al-khalidah.,2
اللَّهُمَّ طَهِّرْ قُلُوبَنَا مِنَ الْبَغْضَاءِ وَالْكَرَاهِيَةِ، وَامْلَأْهَا بِالْمَحَبَّةِ وَالرِّضَا.,"O Allah, purify our hearts from hatred and animosity, and fill them with love and contentment.","Allahumma tahhir qulubana mina al-bughda’i wal-karahiyati, wa amla’ha bil-mahabbati wal-rida.",2
اللَّهُمَّ اجْعَلْنِي مَحْبُوبًا فِي قُلُوبِ النَّاسِ، وَاجْعَلْ حُبَّكَ فَوْقَ كُلِّ شَيْءٍ.,"O Allah, make me beloved in the hearts of people, and make Your love supreme above all else.","Allahumma aj‘alni mahbuban fi qulub al-nasi, waj‘al hubbaka fawqa kulli shay’.",2
اللَّهُمَّ اجْمَعْ قُلُوبَنَا عَلَى طَاعَتِكَ، وَامْلَأْهَا بِالْمَحَبَّةِ وَالرَّحْمَةِ.,"O Allah, unite our hearts in obedience to You and fill them with love and mercy.","Allahumma ajma‘ qulubana ‘ala ta‘atika, wa amla’ha bil-mahabbati wal-rahmah.",2
اللَّهُمَّ اجْعَلْ بَيْنِي وَبَيْنَ زَوْجِي مَوَدَّةً وَرَحْمَةً، وَبَارِكْ لَنَا فِي حُبِّنَا.,"O Allah, place affection and mercy between me and my spouse, and bless our love.","Allahumma aj‘al bayni wa bayna zawji mawaddatan wa rahmatan, wa barik lana fi hubbina.",2
اللَّهُمَّ اجْعَلْنِي أُحِبُّ لِلنَّاسِ مَا أُحِبُّ لِنَفْسِي، وَزَيِّنْ قَلْبِي بِالْإِيمَانِ وَالْمَحَبَّةِ.,"O Allah, make me love for others what I love for myself, and adorn my heart with faith and love.","Allahumma aj‘alni uhibbu li al-nasi ma uhibbu li nafsi, wa zayyina qalbi bil-iman wal-mahabbah.",2
اللَّهُمَّ طَهِّرْ قَلْبِي مِنْ كُلِّ حُبٍّ يُبَاعِدُنِي عَنْكَ، وَامْلَأْهُ بِحُبِّكَ وَحُبِّ رَسُولِكَ.,"O Allah, purify my heart from any love that distances me from You, and fill it with Your love and the love of Your Messenger.","Allahumma tahhir qalbi min kulli hubbin yuba‘iduni ‘anka, wa amla’hu bihubbika wa hubbi rasulika.",2
"اللَّهُمَّ حَقِّقْ لِي كُلَّ مَا أَتَمَنَّى وَأَكْثَر.
","O Allah, grant me everything I wish for and even more.",Allahumma haqqiq li kulla ma atamanna wa akthar.,0
اللَّهُمَّ اجْمَعْنِي بِأَهْلِي فِي مَحَبَّتِكَ، وَزِدْنَا تَوَاصُلًا وَمَوَدَّةً.,"O Allah, unite me with my family in Your love and increase our connection and affection.","Allahumma ajma‘ni bi ahli fi mahabbatika, wa zidna tawasulan wa mawaddatan.",2
"اللَّهُمَّ اجْعَلْ الْمَحَبَّةَ سَبَبًا لِلتَّوَافُقِ وَالسَّكِينَةِ فِي أَوْقَاتِ الشِّدَّةِ.
","O Allah, make love a cause of harmony and tranquility in times of hardship.",Allahumma aj‘al al-mahabbata sababaan lil-tawafuq wal-sakinah fi awqat al-shiddah.,2
اللَّهُمَّ زَيِّنْ قُلُوبَنَا بِالْمَحَبَّةِ الصَّافِيَةِ، وَابْعِدْ عَنَّا كُلَّ حِقْدٍ وَغِلٍّ.,"O Allah, adorn our hearts with pure love and keep away from us all grudges and envy.","Allahumma zayyin qulubana bil-mahabbati al-safiyah, wab‘id ‘anna kulla hiqdin wa ghillin.",2
اللَّهُمَّ احْفَظْ أَحِبَّتِي فِي غِيَابِهِمْ، وَارْزُقْهُمْ رِضَاكَ وَرَحْمَتَكَ.,"O Allah, protect my loved ones in their absence and bless them with Your pleasure and mercy.","Allahumma ihfaz ahibbati fi ghiyabihim, warzuqhum ridaka wa rahmataka.",2
اللَّهُمَّ اجْعَلْنِي سَبَبًا فِي نَشْرِ الْمَحَبَّةِ وَالسَّلَامِ بَيْنَ النَّاسِ.,"O Allah, make me a source of spreading love and peace among people.",Allahumma aj‘alni sababaan fi nashri al-mahabbati wal-salam bayna al-nas.,2
اللَّهُمَّ اجْعَلْنِي مِمَّنْ يُحِبُّونَ هُدَاكَ وَيَسِيرُونَ عَلَى صِرَاطِكَ الْمُسْتَقِيمِ.,"O Allah, make me among those who love Your guidance and walk on Your straight path.",Allahumma aj‘alni mimman yuhibbuna hudaka wa yasiruna ‘ala siratika al-mustaqim.,2
اللَّهُمَّ أَرْزُقْ أَحِبَّتِي الْقُوَّةَ فِي ضَعْفِهِمْ، وَالْفَرَجَ فِي ضِيقِهِمْ.,"O Allah, grant my loved ones strength in their weakness and relief in their hardship.","Allahumma arzuq ahibbati al-quwwata fi du‘fihim, wal-faraja fi diqihim.",2
سُبْحَانَ اللَّهِ الَّذِي يُفَاجِئُنَا بِنِعَمِهِ وَفَضْلِهِ، لَا إِلَهَ إِلَّا هُوَ.,"Glory be to Allah, who surprises us with His blessings and grace. There is no god but Him.","Subhana Allah alladhi yufaji’una bini‘amihi wafadlihi, la ilaha illa Hu.",5
اللَّهُمَّ أَعِنِّي عَلَى مَا أُفَاجَأُ بِهِ، وَارْزُقْنِي صَبْرًا وَحِكْمَةً.,"O Allah, help me with what I am unexpectedly faced with, and grant me patience and wisdom.","Allahumma a‘inni ‘ala ma ufaja’u bihi, warzuqni sabran wa hikmah.",5
سُبْحَانَ اللَّهِ وَبِحَمْدِهِ، سُبْحَانَ اللَّهِ الْعَظِيمِ، مَا أَعْظَمَ خَلْقَهُ!,"Glory and praise be to Allah. Glory be to Allah, the Most Great. How magnificent is His creation!","Subhana Allah wa bihamdihi, Subhana Allah al-‘Azim, ma a‘zama khalqahu!",5
الْحَمْدُ لِلَّهِ الَّذِي أَفْرَحَ قَلْبِي بِمَا لَمْ أَتَوَقَّعْ.,"All praise is due to Allah, who brought joy to my heart in ways I did not expect.","All praise is due to Allah, who brought joy to my heart in ways I did not expect.",5
اللَّهُمَّ اجْعَلْ كُلَّ مُفَاجَأَةٍ خَيْرًا لِي، وَاجْعَلْ قَلْبِي رَاضِيًا بِقَدَرِكَ.,"O Allah, make every surprise good for me, and make my heart content with Your decree.","Allahumma aj‘al kulla mufaja’ah khayran li, waj‘al qalbi radiyan bi-qadrika.",5
اللَّهُمَّ أَرِنِي الْحَقَّ حَقًّا، وَأَرْزُقْنِي اتِّبَاعَهُ، وَاجْعَلْ كُلَّ مَا يُفَاجِئُنِي خَيْرًا لِنَفْسِي.,"O Allah, show me the truth as truth and guide me to follow it, and make everything that surprises me good for my soul.","Allahumma arini al-haqqa haqqan, warzuqni ittiba‘ahu, waj‘al kulla ma yufaji’uni khayran li nafsi.",5
سُبْحَانَكَ يَا رَبَّ الْعَظَمَةِ، مَا أَعْجَبَ قُدْرَتَكَ وَمَا أَغْرَبَ حِكْمَتَكَ!,"Glory be to You, O Lord of Majesty. How wondrous is Your power, and how extraordinary is Your wisdom!","Subhanaka ya Rabb al-‘Azamah, ma a‘jaba qudrataka wa ma aghraba hikmataka!",5
الْحَمْدُ لِلَّهِ عَلَى كُلِّ مَا يُبْهِرُنِي، فَهُوَ الْكَرِيمُ الْحَكِيمُ.,"All praise is to Allah for everything that amazes me, for He is the Most Generous, the Most Wise.","Alhamdulillah ‘ala kulli ma yubhiruni, fahuwa al-Karim al-Hakim.


",5
اللَّهُمَّ إِنَّكَ فَجَأْتَنِي بِمَا لَمْ أَحْتَسِبْ، فَسَابِغٌ عَلَيَّ رَحْمَتُكَ.,"O Allah, You have surprised me with what I did not anticipate, so let Your mercy encompass me.","Allahumma innaka faja’tani bima lam ahtasib, fasabigh ‘alayya rahmatuka.",5
اللَّهُمَّ إِنَّ لَكَ فِي كُلِّ أَمْرٍ عَجَبًا يَفْجَأُ قُلُوبَنَا وَيُسَبِّحُ لَكَ كُلُّ مَا فِي السَّمَاءِ وَالْأَرْضِ.,"O Allah, for You, in every matter, there is something surprising that astonishes our hearts, and everything in the heavens and the earth praises You.",Allahumma inn laka fi kulli amrin ‘ajaban yafja’u qulubana wa yusabbihu laka kulla ma fi al-sama’i wal-ard.,5
اللَّهُمَّ اجْعَلْ كُلَّ مَا يَفَاجِئُنِي مِنْ لُطْفِكَ وَرَحْمَتِكَ.,"O Allah, make everything that surprises me a manifestation of Your kindness and mercy.",Allahumma aj‘al kulla ma yufaji’uni min lutfika wa rahmatika.,5
اَلْحَمْدُ لِلّٰهِ الَّذِيْ لَمْ يَتَّخِذْ وَلَدًا وَّلَمْ يَكُنْ لَّهُ شَرِيْكٌ فِي الْمُلْكِ وَلَمْ يَكُنْ لَّهُ وَلِيٌّ مِّنَ الذُّلِّ.,"All praise is for Allah who has not taken a son, has no partner in His dominion and does not need anyone, out of weakness, to protect Him. (17:111)",Al-ḥamdu lillāhi-lladhī lam yattakhidh walada-w-walam yaku-l-lahū sharīkun fī l-mulki walam yakul-lahū waliyyum-minadh-dhul.,1
اَلْحَمْدُ لِلّٰهِ الَّذِيْ لَهُ مَا فِي السَّمٰوَاتِ وَمَا فِي الْأَرْضِ وَلَهُ الْحَمْدُ فِيْ الْآخِرَةِ ، وَهُوَ الْحَكِيْمُ الْخَبِـيْرُ.,"All praise is for Allah, to whom belongs all that is in the heavens and all that is on the earth; and for Him is all praise in the Hereafter. He is the All-Wise, the All-Aware. (34:1)","Al-ḥamdu lillāhi-lladhī lahū mā fi-s-samāwāti wa mā fil-arḍi wa lahu-l-ḥamdu fil-ākhirah, wa huwa-l-Ḥakīm-ul-Khabīr.",1
سُبْحَانَ اللّٰهِ وَبِحَمْدِهِ ، عَدَدَ خَلْقِهِ ، وَرِضَا نَفْسِهِ ، وَزِنَةَ عَرْشِهِ ، وَمِدَادَ كَلِمَاتِهِ,"Allah is free from imperfection and all praise is for Him, (in ways) as numerous as all He has created, (as vast) as His pleasure, (as limitless) as the weight of His Throne, and (as endless) as the ink of His words. (Muslim)","Subḥāna-llāhi wa bi ḥamdih, ʿadada khalqih, wa riḍā nafsih, wa zinata ʿarshih, wa midāda kalimātih.",5
سُبْحَانَ ذِي الْجَبَرُوْتِ ، وَالْمَلَكُوْتِ ، والْكِبْرِيَاءِ ، وَالْعَظَمَةِ,"How free from imperfection is the Owner of might, dominion, magnificence and greatness. (Nasā’ī)
","Subḥāna Dhil-jabarūti wal-malakūt, wal-kibriyā’i wal-ʿaẓamah.",5
سُبُّوْحٌ ، قُدُّوْسٌ ، رَبُّ الْمَلَائِكَةِ وَالرُّوْحِ,"The Supremely Perfect, the Most Pure, the Lord of the angels and the Spirit (Jibrīl).","Subbūḥun, Quddūsun, Rabbul-malā’ikati wa-r-rūḥ",5
لَا إِلٰهَ إلَّا اللّٰهُ الْوَاحِدُ الْقَهَّارُ ، رَبُّ السَّمٰـوٰتِ وَالْأَرْضِ وَمَا بَيْنَهُمَا الْعَزِيْزُ الْغَفَّارُ,"There is no god worthy of worship except Allah, the One, the Supremely Powerful; Lord of the heavens and the earth and whatever is in between them, the All-Mighty, the Most Forgiving.","Lā ilāha illa-llāhul-Wāḥid-ul-Qahhār, Rabbu-s-samāwāti wal-arḍi wa mā baynahum-al-ʿAzīz-ul-Ghaffār.
",5
"اَللّٰهُمَّ إِنِّيْ أَسْأَلُكَ بِأَنَّ لَكَ الْحَمْدَ ، لَا إِلٰهَ إِلَّا أَنْتَ الْمَنَّانُ ، بَدِيْعُ السَّمٰـوٰتِ وَالْأَرْضِ ، يَا ذَا الْجَلَالِ وَالْإِكْرَامِ ، يَا حَيُّ يَا قَيُّوْمُ
","O Allah, I beg You as all praise only belongs to You. There is no god worthy of worship except You, the Giver of all good, the Originator of the heavens and the earth. O Lord of Majesty and Honour, O the Ever Living, O the One who sustains and protects all that exists.","Allāhumma innī as’aluka bi-anna laka-l-ḥamd, lā ilāha illā Antal-Mannān, Badīʿu-s-samāwāti wal-arḍ, yā Dhal-jalāli wal-ikrām, yā Ḥayyu yā Qayyūm.",5